Design No.,Sphere 1x,Sphere 1y,Sphere 1z,Sphere 2x,Sphere 2y,Sphere 2z,Sphere 3x,Sphere 3y,Sphere 3z,Sphere 4x,Sphere 4y,Sphere 4z,Sphere 5x,Sphere 5y,Sphere 5z,Sphere 6x,Sphere 6y,Sphere 6z,Sphere 7x,Sphere 7y,Sphere 7z,Sphere 8x,Sphere 8y,Sphere 8z,Sphere 9x,Sphere 9y,Sphere 9z,Sphere 10x,Sphere 10y,Sphere 10z,ME_Coupling_coefficient,ME_Coupling_coefficient_pred_corrected,
1,5.363,6.062,-4.694,-5.942,9.633,6.196,-3.744,6.069,6.73,6.344,-4.538,3.639,7.65,-2.373,-6.102,6.496,11.158,-4.989,11.997,-2.968,-2.965,17.886,4.416,-0.922,-2.271,-15.23,-2.29,-7.02,1.439,6.05,234.12,402.71396,28423.92335
2,5.174,7.984,-5.533,-7.243,10.982,8.171,-2.529,9.218,7.779,9.185,-5.065,1.96,9.653,-0.414,-8.654,3.569,15.472,-4.765,13.275,-4.705,-4.155,19.971,6.86,-1.015,-5.886,-18.507,-0.475,-8.896,2.086,3.804,899.9,786.2216,12922.77863
3,4.317,8.004,-5.182,-5.661,11.705,10.399,-4.71,8.284,6.826,5.077,-4.015,1.219,8.356,-0.132,-7.336,4.838,12.357,-3.597,10.989,-6.685,-3.121,20.618,6.248,-0.88,-3.482,-18.982,-0.372,-10.31,0.768,6.779,1098.87,866.24023,54116.60989
4,5.013,6.07,-4.431,-5.394,8.179,8.265,-2.556,6.264,5.902,5.895,-4.549,3.49,6.277,0.005,-7.213,1.981,9.94,-1.87,9.707,-3.001,-3.998,15.285,5.027,-0.304,-2.859,-14.79,-0.92,-6.257,1.516,4.823,321.4,551.9514,53153.94804
5,5.71,6.487,-6.381,-7.15,11.723,6.676,-3.86,9.015,5.549,6.919,-3.6,2.978,8.483,0.397,-8.227,5.06,14.104,-3.707,12.667,-4.435,-5.811,20.331,2.808,-1.049,-4.798,-17.068,-1.786,-9.352,1.849,4.951,136.1,318.08627,33119.00247
6,1.718,5.008,-2.115,-3.154,6.796,6.605,-2.855,4.78,4.35,2.088,-2.317,0.467,4.94,0.179,-3.781,3.083,6.584,-2.103,6.095,-4.493,-1.223,12.211,4.231,-0.753,-1.779,-11.42,0.478,-6.642,0.28,4.591,1075.47,639.2531,190285.1838
7,6.134,6.667,-7.869,-6.649,11.284,9.362,-3.758,10.372,5.723,6.473,-3.317,3.709,7.428,-1.201,-8.082,5.504,13.941,-3.768,11.671,-4.352,-3.586,18.867,4.049,-0.869,-6.495,-17.242,-1.311,-9.875,0.584,4.457,760.31,565.4183,37982.77473
8,7.544,6.955,-6.934,-6.702,12.043,8.871,-3.619,8.255,5.462,9.131,-6.083,3.182,8.253,-1.001,-7.114,4.277,13.948,-2.668,13.872,-4.856,-4.801,19.195,4.784,-2.018,-4.222,-16.456,-2.348,-7.699,1.627,5.926,479.16,251.87703,51657.54845
9,6.111,6.649,-7.213,-6.061,11.069,8.664,-4.227,8.689,6.178,7.199,-4.489,2.12,8.324,-0.737,-7.908,4.396,13.713,-3.631,11.463,-4.908,-4.063,19.129,5.062,-0.363,-4.054,-17.714,-1.838,-8.516,1.455,5.247,1029.76,602.1168,182878.7065
10,4.964,7.495,-10.532,-4.24,9.804,8.082,-6.783,10.314,7.023,6.787,-5.19,1.357,7.544,-0.884,-9.451,4.613,13.101,-4.757,12.516,-4.786,-5.503,17.125,5.784,-1.099,-4.333,-17.021,-2.281,-8.622,1.716,4.662,1114.36,751.80597,131445.4247
11,6.512,7.514,-6.334,-6.65,10.256,7.395,-4.799,8.937,5.763,7.894,-4.509,2.752,7.025,0.05,-8.086,3.644,12.584,-3.934,10.422,-3.519,-4.16,19.177,3.901,-1.498,-5.078,-17.715,-3.67,-8.415,-0.25,5.672,773.04,643.5647,16763.85331
12,4.504,5.369,-7.062,-4.857,10.629,7.209,-4.649,6.623,5.828,7.33,-3.543,3.553,7.418,0.059,-8.752,2.935,9.925,-2.852,10.525,-3.193,-4.915,17.837,5.763,-1.421,-3.549,-16.069,-4.263,-7.268,3.518,6.096,386.08,547.35004,26008.0258
13,4.879,6.802,-6.342,-6.419,11.338,8.499,-5.638,9.792,6.01,8.839,-4.64,1.531,8.788,0.892,-6.656,3.013,14.702,-4.461,12.584,-4.919,-3.458,18.591,6.342,0.179,-4.686,-16.864,-0.754,-9.716,0.368,6.351,930.85,907.7731,532.5433136
14,4.16,7.823,-4.997,-5.509,11.408,10.169,-4.598,8.072,6.677,4.897,-3.912,1.173,8.149,-0.114,-7.121,4.732,12.008,-3.506,10.694,-6.553,-3.007,20.109,6.126,-0.872,-3.379,-18.525,-0.321,-10.089,0.738,6.647,1298.71,844.2271,206554.7064
15,4.256,5.906,-7.448,-4.082,10.489,9.409,-3.913,9.485,6.067,6.643,-4.654,1.894,9.026,-0.697,-8.205,3.451,12.114,-4.351,10.958,-4.617,-2.714,15.821,4.548,-0.319,-1.661,-17.627,-2.483,-7.897,0.831,3.849,1019.37,852.6085,27809.39788
16,7.297,5.832,-5.184,-4.746,10.328,10.863,-4.817,9.605,7.889,7.457,-5.224,1.165,7.366,0.619,-7.924,4.845,13.812,-3.216,9.951,-4.141,-4.615,20.141,6.169,0.233,-3.565,-18.026,-1.014,-8.701,2.163,6.608,577.1,465.39737,12477.47755
17,6.747,6.8,-5.927,-5.3,10.488,7.898,-4.207,8.478,6.655,7.296,-2.945,2.226,8.566,0.655,-5.828,4.719,12.979,-3.451,13.274,-4.223,-3.209,20.085,6.28,0.616,-4.154,-18.079,-1.719,-9.573,2.725,5.38,795.89,472.17694,104790.1452
18,7.946,7.543,-6.397,-4.597,11.275,8.435,-4.246,9.122,7.137,7.684,-4.474,1.989,8.174,0.633,-8.623,3.716,14.369,-4.037,12.81,-5.625,-4.671,20.347,5.476,-0.349,-4.212,-18.291,-2.119,-8.757,1.065,4.207,241.65,581.6011,115566.7504
19,4.678,3.759,-8.307,-5.933,11.38,8.285,-4.611,7.12,4.468,5.523,-3.587,1.357,7.108,-1.742,-7.468,4.654,12.269,-3.485,12.444,-4.853,-3.589,17.566,2.918,-1.666,-1.903,-15.207,-0.601,-8.141,0.942,4.395,715.97,527.28143,35603.37645
20,2.976,6.458,-3.6,-4.368,9.172,8.441,-3.752,6.476,5.549,3.535,-3.139,0.831,6.594,0.028,-5.501,3.933,9.379,-2.826,8.464,-5.554,-2.142,16.28,5.208,-0.814,-2.603,-15.08,0.066,-8.418,0.516,5.65,397.62,710.83203,98101.77574
21,6.095,6.906,-5.558,-6.648,11.016,7.264,-4.267,7.056,7.428,7.186,-5.016,3.851,8.612,-2.461,-7.103,6.991,12.785,-5.41,13.376,-3.586,-3.499,20.254,4.985,-0.957,-2.75,-17.36,-2.53,-8.054,1.577,6.667,231.53,321.7965,8148.041022
22,5.938,6.725,-5.373,-6.497,10.719,7.035,-4.154,6.844,7.279,7.005,-4.914,3.805,8.406,-2.442,-6.888,6.885,12.436,-5.32,13.08,-3.453,-3.385,19.745,4.863,-0.95,-2.647,-16.903,-2.478,-7.832,1.547,6.535,272.88,336.53836,4052.386798
23,4.822,5.967,-6.803,-4.781,7.878,6.474,-2.491,7.523,4.032,4.634,-4.835,0.968,5.469,-0.699,-8.068,3.729,9.531,-4.103,8.329,-3.172,-2.106,15.083,5.815,1.459,-3.167,-14.057,-3.001,-6.202,-0.875,3.991,873.13,748.5415,15522.29433
24,6.885,7.842,-6.757,-6.756,11.701,9.973,-5.272,8.021,5.796,6.709,-4.242,3.297,9.875,-0.896,-8.333,5.944,12.915,-3.727,13.022,-3.568,-5.377,17.899,7.365,-1.338,-3.895,-18.832,-2.971,-8.465,0.86,5.348,588.42,565.10065,543.7920844
25,4.066,6.911,-7.16,-5.645,13.241,7.856,-3.96,8.777,7.693,6.668,-4.706,1.394,7.381,-1.443,-7.929,4.051,14.647,-3.049,10.427,-6.102,-3.851,20.545,3.372,0.314,-4.948,-18.139,-2.043,-7.937,1.201,4.968,1225.04,883.31586,116775.3879
26,5.536,5.987,-6.534,-5.507,9.983,7.825,-3.816,7.913,5.63,6.538,-4.113,1.954,7.568,-0.668,-7.122,4.007,12.435,-3.301,10.38,-4.424,-3.643,17.269,4.616,-0.335,-3.678,-16.041,-1.65,-7.705,1.347,4.763,862.2,618.3935,59441.60944
27,4.442,7.14,-4.669,-6.537,9.599,7.102,-2.006,8.231,7.081,8.343,-4.587,1.748,8.69,-0.326,-7.653,3.074,13.845,-4.345,11.896,-4.088,-3.62,17.603,6.292,-0.979,-5.407,-16.377,-0.236,-7.863,1.949,3.187,1044.25,751.7281,85569.06198
28,5.236,6.213,-7.926,-5.563,12.012,8.278,-5.172,7.61,6.527,8.172,-4.022,3.765,8.381,-0.029,-9.753,3.429,11.552,-3.273,11.904,-3.81,-5.45,20.205,6.331,-1.456,-4.029,-18.199,-4.503,-8.301,3.655,6.713,754.59,515.7409,57048.89257
29,4.754,5.36,-3.976,-5.355,8.483,5.307,-3.309,5.248,6.151,5.644,-4.141,3.463,6.85,-2.3,-5.269,6.085,9.806,-4.639,10.851,-2.454,-2.52,15.916,3.944,-0.892,-1.872,-13.458,-2.091,-6.161,1.325,5.538,936.91,472.69037,215499.8649
30,5.41,4.603,-9.171,-6.639,12.763,9.353,-5.133,8.108,5.166,6.366,-4.065,1.569,8.07,-1.83,-8.47,5.149,13.896,-3.906,13.823,-5.47,-4.123,19.934,3.486,-1.702,-2.383,-17.337,-0.841,-9.175,1.08,5.012,373.36,502.8417,16765.51063
,,,,,,,,,,,,,,,,,,,,,,,,,,,,,,,714.9346667,600.1728137,
,,,,,,,,,,,,,,,,,,,,,,,,,,,,,,,,RMSE,258.1705376
,,,,,,,,,,,,,,,,,,,,,,,,,,,,,,,,,
,,,,,,,,,,,,,,,,,,,,,,,,,,,,,,,% error over average,,16.05207557
